instance,N,tmax,outcome,outcome_reported,n_points,n_extend_points,t_max_reached,F_min,nsamp_extend
instance_104_d_13,6,,t_cap,t_cap,30,22,78.74752771398585,0.8122007284063779,8
instance_105_d_15,6,,t_cap,t_cap,16,8,16.31461442000001,0.965212420085219,8
instance_156_d_15,6,,t_cap,t_cap,16,8,16.31461442000001,0.9771308385051334,8
instance_148_d_8,10,9.889908367471689,crossed,in_progress,15,7,12.549703400000006,0.056797817153893156,
instance_167_d_7,10,3.8061319852934203,crossed,in_progress,11,3,4.394000000000001,0.05494431407872924,
instance_35_d_5,10,0.4954622772127801,crossed,not_extended,8,0,2.0,-0.003920198231935501,
instance_4_d_5,10,0.4344639774898263,crossed,not_extended,8,0,2.0,0.005339217395521701,
instance_63_d_5,10,0.4336149374308754,crossed,not_extended,8,0,2.0,-0.0018058772897347809,
instance_137_d_5,11,0.749428197844105,crossed,not_extended,8,0,2.0,0.012905761832371354,
instance_145_d_5,11,0.5819481851241777,crossed,not_extended,8,0,2.0,0.0009484645328484475,
instance_175_d_8,11,7.015610112408175,crossed,crossed,18,10,7.425860000000003,0.0884406970241416,8
instance_179_d_5,11,0.6528536346355973,crossed,not_extended,8,0,2.0,0.011600691173225642,
instance_189_d_14,11,,wall_cap,wall_cap,13,5,7.425860000000003,0.7701374228782749,8
instance_190_d_7,11,1.1293020639199063,crossed,not_extended,8,0,2.0,0.03138216347433627,
instance_194_d_15,11,,wall_cap,wall_cap,30,22,78.74752771398585,0.21203946549224859,8
instance_26_d_7,11,0.5603255286667954,crossed,not_extended,8,0,2.0,0.002356998238246888,
instance_38_d_6,11,3.745882201443582,crossed,crossed,14,6,4.394000000000001,0.0612962434060362,8
instance_42_d_5,11,0.831465858302783,crossed,not_extended,8,0,2.0,0.004645968263503164,
instance_48_d_5,11,0.4843883504189041,crossed,not_extended,8,0,2.0,0.002479113731533289,
instance_68_d_13,11,3.2284245143151065,crossed,crossed,12,4,3.3800000000000003,0.0733229004108568,8
instance_75_d_6,11,0.6840002616657885,crossed,not_extended,8,0,2.0,0.00957527254940942,
instance_81_d_14,11,,wall_cap,wall_cap,15,7,12.549703400000006,0.7812504952286847,8
instance_87_d_5,11,0.7068265856032214,crossed,not_extended,8,0,2.0,-0.006581645633559674,
instance_93_d_5,11,0.6938676766347137,crossed,not_extended,8,0,2.0,0.009442390582989901,
instance_96_d_5,11,0.8853661673649996,crossed,not_extended,8,0,2.0,-0.008299762534443289,
instance_101_d_8,12,0.6973830190001903,crossed,not_extended,8,0,2.0,0.005968007305637002,
instance_120_d_5,12,0.710325960364011,crossed,not_extended,8,0,2.0,-0.0037827758817002176,
instance_122_d_8,12,0.6661575568523661,crossed,not_extended,8,0,2.0,0.0066954147827345874,
instance_123_d_5,12,1.1421429626246318,crossed,not_extended,8,0,2.0,-0.0013470964040607214,
instance_124_d_5,12,0.9997710211895323,crossed,not_extended,8,0,2.0,0.008782352734124288,
instance_127_d_15,12,,wall_cap,wall_cap,16,8,16.31461442000001,0.3461009284549669,8
instance_132_d_9,12,0.8090019603896104,crossed,not_extended,8,0,2.0,0.008658009179634973,
instance_136_d_6,12,0.7440683512379686,crossed,not_extended,8,0,2.0,0.0013589464302640407,
instance_139_d_5,12,0.47887848970295177,crossed,not_extended,8,0,2.0,-0.005109053693013265,
instance_147_d_6,12,0.8131108814694127,crossed,not_extended,8,0,2.0,-0.0013165998214390128,
instance_154_d_5,12,0.5166336752244199,crossed,not_extended,8,0,2.0,0.0016314036096446217,
instance_176_d_5,12,1.0125099212089834,crossed,not_extended,8,0,2.0,0.010884573147632182,
instance_179_d_7,12,1.4040307453342875,crossed,not_extended,8,0,2.0,0.04658489319845103,
instance_179_d_9,12,19.558971974971836,crossed,crossed,17,9,21.208998746000013,0.07725777299712691,8
instance_185_d_7,12,0.7811745141377479,crossed,not_extended,8,0,2.0,0.0013622015423607082,
instance_187_d_5,12,0.4985067550615799,crossed,not_extended,8,0,2.0,-0.004126806656131521,
instance_192_d_8,12,0.6760186295266817,crossed,not_extended,8,0,2.0,0.005086458538426086,
instance_24_d_5,12,0.579627959874146,crossed,not_extended,8,0,2.0,-0.005542259116191417,
instance_27_d_14,12,1.7657162805843842,crossed,not_extended,8,0,2.0,0.07473262386629358,
instance_31_d_5,12,0.45822192646960413,crossed,not_extended,8,0,2.0,-0.002554702141787857,
instance_36_d_14,12,,wall_cap,wall_cap,16,8,16.31461442000001,0.9609679858668069,8
instance_42_d_6,12,0.9143328928314067,crossed,not_extended,8,0,2.0,0.006898569676559418,
instance_53_d_5,12,0.7710386433608717,crossed,not_extended,8,0,2.0,-0.006235122476937249,
instance_57_d_14,12,4.203246940832695,crossed,crossed,11,3,4.394000000000001,0.08677772337020981,8
instance_59_d_8,12,5.1761868417257935,crossed,crossed,12,4,5.712200000000002,0.07869004784330957,8
instance_68_d_5,12,1.3945839609558655,crossed,not_extended,8,0,2.0,0.024315644818125294,
instance_74_d_9,12,1.5542852708928934,crossed,not_extended,8,0,2.0,0.052937563060550016,
instance_88_d_7,12,1.6410278681140054,crossed,not_extended,8,0,2.0,0.04505051027517766,
instance_8_d_6,12,0.5770245623499284,crossed,not_extended,8,0,2.0,-0.009637760644545778,
instance_100_d_6,13,0.6221921017642292,crossed,not_extended,8,0,2.0,-0.004362758673960343,
instance_102_d_14,13,16.39304977444303,crossed,crossed,17,9,21.208998746000013,0.07258549354276814,8
instance_103_d_15,13,3.8565363710001592,crossed,crossed,11,3,4.394000000000001,0.06198567026620897,8
instance_104_d_5,13,1.2292847092856773,crossed,not_extended,8,0,2.0,0.022941723742405884,
instance_106_d_5,13,1.7124433143266717,crossed,not_extended,8,0,2.0,0.06428159824863541,
instance_111_d_9,13,0.8716653438647951,crossed,not_extended,8,0,2.0,0.0011046843690564855,
instance_112_d_5,13,1.6828430642536976,crossed,not_extended,8,0,2.0,0.05229124966135714,
instance_114_d_5,13,0.5553975457256862,crossed,not_extended,8,0,2.0,-0.0002848835283657536,
instance_128_d_5,13,0.6004046694757718,crossed,not_extended,8,0,2.0,0.0020332675689132885,
instance_129_d_5,13,0.9416192928900208,crossed,not_extended,8,0,2.0,0.015996818275016266,
instance_129_d_6,13,0.6030579895797354,crossed,not_extended,8,0,2.0,0.0001476639066822827,
instance_12_d_6,13,0.721232591434104,crossed,not_extended,8,0,2.0,0.014574546302901581,
instance_130_d_5,13,0.965149557285451,crossed,not_extended,8,0,2.0,0.008763587372959592,
instance_131_d_15,13,,wall_cap,wall_cap,16,8,16.31461442000001,0.2563256536055626,8
instance_139_d_13,13,,wall_cap,wall_cap,16,8,16.31461442000001,0.23291486039029297,8
instance_141_d_9,13,2.0231519593721567,crossed,crossed,9,1,2.6,0.058389455168824864,8
instance_147_d_5,13,0.9245579758366205,crossed,not_extended,8,0,2.0,0.0044901696150191125,
instance_149_d_7,13,1.073673280159497,crossed,not_extended,8,0,2.0,-0.0002720093296375126,
instance_153_d_5,13,6.508462961972141,crossed,wall_cap,13,5,7.425860000000003,0.0645384053705032,8
instance_154_d_6,13,2.0333921319062442,crossed,crossed,9,1,2.6,0.042004560077618526,8
instance_15_d_9,13,1.9150443918915452,crossed,not_extended,8,0,2.0,0.08672966267040465,
instance_170_d_7,13,1.60546486886873,crossed,not_extended,8,0,2.0,0.05694144139415584,
instance_171_d_7,13,0.9757300628602972,crossed,not_extended,8,0,2.0,0.02221460027503781,
instance_172_d_5,13,0.4562447943007464,crossed,not_extended,8,0,2.0,-0.0009333332389360293,
instance_173_d_5,13,0.8905932587203744,crossed,not_extended,8,0,2.0,0.008038635458797216,
instance_177_d_5,13,0.6937200351028231,crossed,not_extended,8,0,2.0,-0.0020985603448934855,
instance_179_d_15,13,19.859316955302337,crossed,crossed,17,9,21.208998746000013,0.08654597589855001,8
instance_180_d_7,13,0.8774689955858586,crossed,not_extended,8,0,2.0,0.009477664349833503,
instance_181_d_14,13,8.236459855618998,crossed,wall_cap,14,6,9.653618000000003,0.06932288229767763,8
instance_183_d_7,13,1.2227975046109658,crossed,not_extended,8,0,2.0,0.019737410050584003,
instance_184_d_7,13,1.4605587752644311,crossed,not_extended,8,0,2.0,0.027427951694699006,
instance_187_d_6,13,0.8868513106382756,crossed,not_extended,8,0,2.0,0.01396659096062649,
instance_190_d_12,13,5.578990281944453,crossed,crossed,12,4,5.712200000000002,0.09375699932228426,8
instance_190_d_14,13,16.73553323847063,crossed,crossed,17,9,21.208998746000013,0.046348299508622195,8
instance_193_d_6,13,0.6675853382178576,crossed,not_extended,8,0,2.0,0.0010925929454970174,
instance_198_d_12,13,1.3201719004804122,crossed,not_extended,8,0,2.0,0.02092164445784874,
instance_199_d_7,13,0.8593418439229452,crossed,not_extended,8,0,2.0,0.0055464120814576745,
instance_21_d_9,13,1.182811347537375,crossed,not_extended,8,0,2.0,0.02771711681270972,
instance_28_d_7,13,3.113835080436912,crossed,crossed,10,2,3.3800000000000003,0.07317939752988285,8
instance_35_d_6,13,6.524499608910205,crossed,wall_cap,13,5,7.425860000000003,0.06395541734825663,8
instance_37_d_14,13,,wall_cap,wall_cap,16,8,16.31461442000001,0.1557432888321521,8
instance_47_d_13,13,15.629346173042563,crossed,wall_cap,16,8,16.31461442000001,0.08611999391095265,8
instance_4_d_7,13,1.2788476557495674,crossed,not_extended,8,0,2.0,0.0285077580017969,
instance_52_d_6,13,0.40515758233577615,crossed,not_extended,8,0,2.0,0.0007545733533333987,
instance_64_d_9,13,0.9403760200432969,crossed,not_extended,8,0,2.0,0.008803473596344702,
instance_6_d_5,13,0.7190441856871164,crossed,not_extended,8,0,2.0,0.0018870435626013205,
instance_70_d_7,13,0.9764803193490267,crossed,not_extended,8,0,2.0,0.01614925383764785,
instance_73_d_7,13,1.3777388395469217,crossed,not_extended,8,0,2.0,0.01989783389144577,
instance_76_d_5,13,0.604819902222273,crossed,not_extended,8,0,2.0,0.001042690931353718,
instance_76_d_7,13,1.0671437033850484,crossed,not_extended,8,0,2.0,0.010830288246506826,
instance_80_d_6,13,1.785362728415492,crossed,not_extended,8,0,2.0,0.07630046583362855,
instance_8_d_13,13,,wall_cap,wall_cap,16,8,16.31461442000001,0.300340756287318,8
instance_96_d_6,13,0.972814589655136,crossed,not_extended,8,0,2.0,0.008897303257253953,
instance_99_d_9,13,2.3581833116338453,crossed,crossed,9,1,2.6,0.06876882517938543,8
instance_9_d_6,13,0.6858762752794156,crossed,not_extended,8,0,2.0,0.003808635685709305,
instance_104_d_6,14,2.329279192837993,crossed,in_progress,9,1,2.6,0.07226206571712013,
instance_105_d_6,14,1.1391207253972508,crossed,not_extended,8,0,2.0,0.01784398048039293,
instance_108_d_5,14,0.6581267125328909,crossed,not_extended,8,0,2.0,0.0028227780378074383,
instance_10_d_5,14,0.9812564131352383,crossed,not_extended,8,0,2.0,0.0014034465450095013,
instance_116_d_5,14,1.4545018831703507,crossed,not_extended,8,0,2.0,0.025273492827545853,
instance_116_d_6,14,1.3378856485974664,crossed,not_extended,8,0,2.0,0.027999032600200736,
instance_119_d_5,14,0.5235119888175613,crossed,not_extended,8,0,2.0,0.003029545304889325,
instance_121_d_13,14,1.7690599644700666,crossed,not_extended,8,0,2.0,0.05813709225185448,
instance_121_d_9,14,0.7421910527907988,crossed,not_extended,8,0,2.0,-0.001442560984287411,
instance_124_d_8,14,1.1456353908781005,crossed,not_extended,8,0,2.0,0.013289234986586962,
instance_125_d_5,14,0.9997579762633197,crossed,not_extended,8,0,2.0,0.013621833026991225,
instance_143_d_7,14,8.251855982404319,crossed,wall_cap,14,6,9.653618000000003,0.04577269494271082,8
instance_14_d_13,14,11.608235829176222,crossed,in_progress,15,7,12.549703400000006,0.08439626518525868,
instance_153_d_14,14,,wall_cap,wall_cap,16,8,16.31461442000001,0.1928869177166191,8
instance_153_d_6,14,0.6872924192711584,crossed,not_extended,8,0,2.0,0.005996969671105035,
instance_154_d_8,14,3.564481152484223,crossed,wall_cap,11,3,4.394000000000001,0.05350704847465768,8
instance_154_d_9,14,1.4027135709410745,crossed,not_extended,8,0,2.0,0.022394552844343708,
instance_156_d_6,14,2.5932994759084744,crossed,crossed,9,1,2.6,0.09917167358812551,8
instance_165_d_7,14,0.9872290762789473,crossed,not_extended,8,0,2.0,0.009328427785658278,
instance_173_d_6,14,1.114565914366296,crossed,not_extended,8,0,2.0,0.023173067308380268,
instance_177_d_8,14,3.2359780332115746,crossed,wall_cap,10,2,3.3800000000000003,0.08947736042762942,8
instance_178_d_8,14,1.8446986468473971,crossed,not_extended,8,0,2.0,0.0707906033261679,
instance_182_d_7,14,0.678370371717872,crossed,not_extended,8,0,2.0,-0.0010289506637491286,
instance_183_d_11,14,1.6000872188149182,crossed,not_extended,8,0,2.0,0.055176873139862435,
instance_184_d_6,14,4.061201219335771,crossed,wall_cap,11,3,4.394000000000001,0.0747712664368938,8
instance_185_d_15,14,,wall_cap,wall_cap,16,8,16.31461442000001,0.8487310317451604,8
instance_18_d_6,14,0.9161327482422716,crossed,not_extended,8,0,2.0,0.008517825375020039,
instance_194_d_5,14,1.3811806897464391,crossed,not_extended,8,0,2.0,0.021766964737616946,
instance_197_d_6,14,0.7374806139682799,crossed,not_extended,8,0,2.0,0.0030675308691570534,
instance_198_d_13,14,7.105236868682253,crossed,wall_cap,13,5,7.425860000000003,0.0905659660779763,8
instance_199_d_6,14,0.8819374666166655,crossed,not_extended,8,0,2.0,0.0032002409672713837,
instance_199_d_8,14,1.6715308619062925,crossed,not_extended,8,0,2.0,0.05993975511082681,
instance_21_d_8,14,1.0578760139659313,crossed,not_extended,8,0,2.0,0.018463379432796502,
instance_22_d_13,14,3.308452781757792,crossed,crossed,10,2,3.3800000000000003,0.092131336530129,8
instance_22_d_9,14,0.9738347773530399,crossed,not_extended,8,0,2.0,0.004430901410523802,
instance_24_d_8,14,3.5867166267380597,crossed,wall_cap,11,3,4.394000000000001,0.052435848880895544,8
instance_27_d_5,14,1.6594412548842192,crossed,not_extended,8,0,2.0,0.05635655697114998,
instance_28_d_12,14,1.126467762696728,crossed,not_extended,8,0,2.0,0.010839951397792901,
instance_30_d_5,14,0.8058430176443341,crossed,not_extended,8,0,2.0,0.004014974161691498,
instance_32_d_5,14,0.8093755219118304,crossed,not_extended,8,0,2.0,0.005984034307766705,
instance_32_d_9,14,1.2393025915992189,crossed,not_extended,8,0,2.0,0.028006931445270312,
instance_33_d_5,14,1.2387105324030652,crossed,not_extended,8,0,2.0,0.021014424656459595,
instance_33_d_6,14,0.6241147652089947,crossed,not_extended,8,0,2.0,0.0008559406793210656,
instance_33_d_8,14,1.583837603210574,crossed,not_extended,8,0,2.0,0.052422253174881916,
instance_36_d_5,14,0.9432156909669736,crossed,not_extended,8,0,2.0,0.005584723841457162,
instance_37_d_9,14,1.111319512931519,crossed,not_extended,8,0,2.0,0.0007848401815863326,
instance_40_d_7,14,0.9799722759057239,crossed,not_extended,8,0,2.0,0.0062477747414959595,
instance_44_d_5,14,1.322910532145809,crossed,not_extended,8,0,2.0,0.029682189971208573,
instance_45_d_6,14,0.8328884557565359,crossed,not_extended,8,0,2.0,0.0017076780757633969,
instance_46_d_6,14,1.6328413388377006,crossed,not_extended,8,0,2.0,0.050773013131401964,
instance_46_d_7,14,1.0948792095488218,crossed,not_extended,8,0,2.0,0.0028141912436694836,
instance_49_d_5,14,1.0278906556297087,crossed,not_extended,8,0,2.0,0.006215749573311768,
instance_54_d_6,14,1.6809208200758512,crossed,not_extended,8,0,2.0,0.06967660960508511,
instance_59_d_6,14,0.7482453597450167,crossed,not_extended,8,0,2.0,0.009334579337155447,
instance_65_d_7,14,0.9894460811390393,crossed,not_extended,8,0,2.0,0.0045105263503501195,
instance_68_d_7,14,1.1624028148038843,crossed,not_extended,8,0,2.0,0.018099594468367286,
instance_70_d_5,14,2.3913544139648555,crossed,crossed,9,1,2.6,0.0701274050973725,8
instance_70_d_6,14,1.2036171644419817,crossed,not_extended,8,0,2.0,0.018689454309060237,
instance_72_d_5,14,1.0884970250504598,crossed,not_extended,8,0,2.0,0.008839602643274703,
instance_72_d_6,14,0.8223394441618275,crossed,not_extended,8,0,2.0,0.001609446943621151,
instance_74_d_6,14,0.6736254608506569,crossed,not_extended,8,0,2.0,-0.0027232321663177572,
instance_75_d_7,14,0.9150531973991356,crossed,not_extended,8,0,2.0,0.0072667848580749705,
instance_77_d_15,14,6.924353174157562,crossed,wall_cap,13,5,7.425860000000003,0.07929158998843068,8
instance_78_d_6,14,1.6641334069126563,crossed,not_extended,8,0,2.0,0.04354596986377146,
instance_79_d_7,14,1.874212891122043,crossed,not_extended,8,0,2.0,0.08381479401869,
instance_7_d_15,14,18.729307019182222,crossed,in_progress,17,9,21.208998746000013,0.0759321345191144,
instance_82_d_9,14,2.1271867001710443,crossed,crossed,9,1,2.6,0.06765180053113234,8
instance_83_d_7,14,1.5467610183042584,crossed,not_extended,8,0,2.0,0.046400627226103094,
instance_89_d_5,14,1.1237662794109247,crossed,not_extended,8,0,2.0,0.024033873165899423,
instance_89_d_6,14,1.147712021000015,crossed,not_extended,8,0,2.0,0.008743965382745956,
instance_94_d_13,14,9.539893868171212,crossed,wall_cap,14,6,9.653618000000003,0.09678693489586285,8
instance_97_d_5,14,0.575412306142052,crossed,not_extended,8,0,2.0,0.003385531992535107,
instance_97_d_7,14,1.1912493075192225,crossed,not_extended,8,0,2.0,0.018712924425199163,
instance_100_d_14,15,10.95526472425595,crossed,wall_cap,15,7,12.549703400000006,0.06310889561348196,8
instance_101_d_14,15,,wall_cap,wall_cap,16,8,16.31461442000001,0.1921725783297068,8
instance_101_d_5,15,0.7977460058978907,crossed,not_extended,8,0,2.0,0.002161450416315347,
instance_105_d_9,15,1.1763375563501173,crossed,not_extended,8,0,2.0,0.015339795907857478,
instance_106_d_7,15,5.434579685078377,crossed,wall_cap,12,4,5.712200000000002,0.0866795878635343,8
instance_107_d_14,15,2.4670799668002235,crossed,crossed,9,1,2.6,0.06689304111512293,8
instance_109_d_6,15,1.6578881188757817,crossed,not_extended,8,0,2.0,0.06755033880617703,
instance_111_d_5,15,2.1149714526451655,crossed,crossed,9,1,2.6,0.038987218387833235,8
instance_111_d_7,15,2.5597537606723737,crossed,crossed,9,1,2.6,0.0927172648194004,8
instance_111_d_8,15,1.914246029630016,crossed,not_extended,8,0,2.0,0.08625633785850369,
instance_112_d_10,15,0.9372459682643162,crossed,not_extended,8,0,2.0,0.004630565250408836,
instance_112_d_15,15,11.441651493202263,crossed,wall_cap,15,7,12.549703400000006,0.08193461787947892,8
instance_112_d_7,15,0.7994116796778159,crossed,not_extended,8,0,2.0,0.010774142969603417,
instance_113_d_5,15,0.4811946709525259,crossed,not_extended,8,0,2.0,0.000957707068300806,
instance_113_d_6,15,1.1159068731464374,crossed,not_extended,8,0,2.0,0.000684581672976492,
instance_113_d_7,15,2.870773881570866,crossed,in_progress,10,2,3.3800000000000003,0.07457228278437915,
instance_113_d_8,15,3.04022135330252,crossed,crossed,10,2,3.3800000000000003,0.06369764046965287,8
instance_114_d_7,15,1.8963623873497235,crossed,not_extended,8,0,2.0,0.08254736570925161,
instance_118_d_6,15,1.793647913863681,crossed,not_extended,8,0,2.0,0.0730431962881994,
instance_119_d_6,15,0.658304588045207,crossed,not_extended,8,0,2.0,-0.0004704200749984011,
instance_11_d_6,15,1.4648776205100078,crossed,not_extended,8,0,2.0,0.03579078264592681,
instance_120_d_6,15,0.7341316665378577,crossed,not_extended,8,0,2.0,0.00041296463314210996,
instance_123_d_6,15,1.6411643659200221,crossed,not_extended,8,0,2.0,0.04470487602011417,
instance_124_d_6,15,0.8657499798082268,crossed,not_extended,8,0,2.0,0.011616402006620775,
instance_126_d_5,15,0.7235189487631359,crossed,not_extended,8,0,2.0,0.001609849503802252,
instance_127_d_6,15,0.7417149357465127,crossed,not_extended,8,0,2.0,0.004243903901806334,
instance_128_d_14,15,5.008509396424452,crossed,wall_cap,12,4,5.712200000000002,0.06483737842467982,8
instance_128_d_9,15,4.585450586087585,crossed,wall_cap,12,4,5.712200000000002,0.07191124298613188,8
instance_12_d_14,15,10.261549879722093,crossed,wall_cap,15,7,12.549703400000006,0.06113263133479788,8
instance_131_d_6,15,1.2493652248409626,crossed,not_extended,8,0,2.0,0.012772549404326127,
instance_132_d_6,15,0.985647439099003,crossed,not_extended,8,0,2.0,0.006755497166886925,
instance_133_d_7,15,0.965875673492985,crossed,not_extended,8,0,2.0,0.001740999000321608,
instance_134_d_14,15,1.5496170264115925,crossed,not_extended,8,0,2.0,0.042934982308361215,
instance_134_d_9,15,1.4025087301856225,crossed,not_extended,8,0,2.0,0.01702883320613182,
instance_135_d_6,15,1.2148236939458985,crossed,not_extended,8,0,2.0,0.0132385227298073,
instance_135_d_9,15,0.9483862491115935,crossed,not_extended,8,0,2.0,0.0010466696599905844,
instance_136_d_7,15,0.8945293833494449,crossed,not_extended,8,0,2.0,0.006181369301339145,
instance_137_d_6,15,1.1699789591011887,crossed,not_extended,8,0,2.0,0.015493737555516418,
instance_138_d_8,15,1.20249709465657,crossed,not_extended,8,0,2.0,0.020010821594041772,
instance_138_d_9,15,2.6983064857441272,crossed,wall_cap,10,2,3.3800000000000003,0.051356386936585244,8
instance_139_d_9,15,1.2644032898126893,crossed,not_extended,8,0,2.0,0.020874329568323448,
instance_13_d_7,15,0.8765615044002122,crossed,not_extended,8,0,2.0,0.005759766310802661,
instance_140_d_5,15,0.5603951485106392,crossed,not_extended,8,0,2.0,0.0010959808794723358,
instance_141_d_5,15,0.9423764081005548,crossed,not_extended,8,0,2.0,0.002442667893774342,
instance_143_d_5,15,1.1761654025699044,crossed,not_extended,8,0,2.0,0.005577901494689286,
instance_144_d_12,15,1.00411012157115,crossed,not_extended,8,0,2.0,0.0028627924533793704,
instance_144_d_6,15,3.524460161134647,crossed,wall_cap,11,3,4.394000000000001,0.05674273728464016,8
instance_146_d_5,15,0.862735918042562,crossed,not_extended,8,0,2.0,0.005377829478675267,
instance_146_d_6,15,1.2338119210113938,crossed,not_extended,8,0,2.0,0.019518572583911008,
instance_148_d_5,15,1.9563878727751276,crossed,not_extended,8,0,2.0,0.09189498390624067,
instance_149_d_5,15,1.5882743055226423,crossed,not_extended,8,0,2.0,0.04522208205089555,
instance_149_d_6,15,0.9663900224709976,crossed,not_extended,8,0,2.0,0.0024472526158206163,
instance_14_d_7,15,2.120946608584472,crossed,crossed,9,1,2.6,0.05372190317651633,8
instance_150_d_6,15,1.1761623466217033,crossed,not_extended,8,0,2.0,0.012871832725795684,
instance_152_d_7,15,1.0989785516902137,crossed,not_extended,8,0,2.0,0.014436406172899296,
instance_153_d_13,15,14.650399880516837,crossed,wall_cap,16,8,16.31461442000001,0.07376671152100356,8
instance_153_d_7,15,0.7549956952871786,crossed,not_extended,8,0,2.0,0.005097633930563461,
instance_155_d_7,15,2.5849549357722728,crossed,crossed,9,1,2.6,0.09867207860786331,8
instance_161_d_6,15,0.8382990938417624,crossed,not_extended,8,0,2.0,0.0032323552564776036,
instance_164_d_14,15,11.623364099126087,crossed,wall_cap,15,7,12.549703400000006,0.07376796167361811,8
instance_164_d_7,15,1.144422043439025,crossed,not_extended,8,0,2.0,0.014296455536532448,
instance_167_d_14,15,4.002731976398955,crossed,wall_cap,11,3,4.394000000000001,0.07223700059053437,8
instance_167_d_5,15,0.8027664678783928,crossed,not_extended,8,0,2.0,-0.0003028073515451979,
instance_169_d_5,15,1.608679237788821,crossed,not_extended,8,0,2.0,0.04405409328755923,
instance_169_d_9,15,1.2116796900072242,crossed,not_extended,8,0,2.0,0.02573877151226043,
instance_16_d_14,15,3.1577360151813023,crossed,in_progress,10,2,3.3800000000000003,0.07334019766074468,
instance_16_d_5,15,1.2078614356582233,crossed,not_extended,8,0,2.0,0.012541782762491493,
instance_16_d_6,15,0.8983746353546196,crossed,not_extended,8,0,2.0,0.002435974997933954,
instance_172_d_8,15,1.906887719518866,crossed,not_extended,8,0,2.0,0.07875275004116702,
instance_176_d_14,15,1.3991204187235238,crossed,not_extended,8,0,2.0,0.016390808009600733,
instance_176_d_6,15,1.1595105502277523,crossed,not_extended,8,0,2.0,0.021227248190552928,
instance_177_d_6,15,1.0006931933448344,crossed,not_extended,8,0,2.0,0.009829133481252939,
instance_177_d_7,15,1.0694223148640556,crossed,not_extended,8,0,2.0,0.020417471646214835,
instance_179_d_8,15,2.099230437950551,crossed,crossed,9,1,2.6,0.06562171975556146,8
instance_17_d_14,15,14.924716952790948,crossed,wall_cap,16,8,16.31461442000001,0.0780557232434726,8
instance_17_d_15,15,6.269088577099481,crossed,wall_cap,13,5,7.425860000000003,0.06397017886245285,8
instance_17_d_8,15,0.9873586155127964,crossed,not_extended,8,0,2.0,0.0021077510427858215,
instance_180_d_6,15,1.2020760420697032,crossed,not_extended,8,0,2.0,0.01287341462520999,
instance_182_d_14,15,7.898952228568815,crossed,wall_cap,14,6,9.653618000000003,0.0687018863433988,8
instance_183_d_5,15,1.1456284099018015,crossed,not_extended,8,0,2.0,0.014447558903339087,
instance_185_d_6,15,1.1148911993858504,crossed,not_extended,8,0,2.0,0.001791157694242429,
instance_186_d_7,15,0.6894701966832288,crossed,not_extended,8,0,2.0,0.0031267576465324964,
instance_188_d_6,15,0.7353067638743064,crossed,not_extended,8,0,2.0,0.004479367239400745,
instance_189_d_5,15,1.3605641963653317,crossed,not_extended,8,0,2.0,0.02100738253502641,
instance_189_d_9,15,1.1431348163684587,crossed,not_extended,8,0,2.0,0.014823307919868967,
instance_18_d_15,15,4.217201862578831,crossed,wall_cap,11,3,4.394000000000001,0.07895632465691313,8
instance_194_d_7,15,1.2427797488364702,crossed,not_extended,8,0,2.0,0.02189779207110405,
instance_196_d_14,15,1.1729247396841394,crossed,not_extended,8,0,2.0,0.009462882607476786,
instance_198_d_5,15,0.7424821582869536,crossed,not_extended,8,0,2.0,0.001528727223922033,
instance_19_d_13,15,14.031755553606612,crossed,wall_cap,16,8,16.31461442000001,0.0673438477856833,8
instance_1_d_7,15,1.7030422951350763,crossed,not_extended,8,0,2.0,0.058879472798435015,
instance_20_d_13,15,2.914185635230748,crossed,crossed,10,2,3.3800000000000003,0.050068123094320266,8
instance_21_d_14,15,14.547747133586432,crossed,wall_cap,16,8,16.31461442000001,0.07070082088587548,8
instance_21_d_7,15,1.3224134511414245,crossed,not_extended,8,0,2.0,0.015376949119308847,
instance_34_d_5,15,0.8850496215217076,crossed,not_extended,8,0,2.0,0.005815819645795273,
instance_34_d_7,15,1.8456582815212705,crossed,not_extended,8,0,2.0,0.07025088277514442,
instance_35_d_15,15,,wall_cap,wall_cap,16,8,16.31461442000001,0.10578353270462817,8
instance_37_d_13,15,4.923710929209179,crossed,wall_cap,12,4,5.712200000000002,0.05554817021167947,8
instance_37_d_5,15,1.2495668746005548,crossed,not_extended,8,0,2.0,0.02032847743757884,
instance_39_d_14,15,4.368391439874597,crossed,wall_cap,11,3,4.394000000000001,0.0965879909177558,8
instance_3_d_6,15,1.5236083310429134,crossed,not_extended,8,0,2.0,0.027014342993788888,
instance_3_d_8,15,0.8988688770709112,crossed,not_extended,8,0,2.0,0.012109665113166556,
instance_40_d_5,15,0.7048700320935274,crossed,not_extended,8,0,2.0,-0.0018012953576544532,
instance_41_d_15,15,14.796371397012285,crossed,wall_cap,16,8,16.31461442000001,0.08498736182261354,8
instance_41_d_5,15,0.9811990674672948,crossed,not_extended,8,0,2.0,0.00939784567017341,
instance_43_d_7,15,1.4414201835900138,crossed,not_extended,8,0,2.0,0.025697515284264227,
instance_43_d_8,15,1.980398629726895,crossed,not_extended,8,0,2.0,0.09730070352488837,
instance_47_d_7,15,1.3747521102588858,crossed,not_extended,8,0,2.0,0.015575168205032242,
instance_4_d_6,15,2.283620626601591,crossed,crossed,9,1,2.6,0.06252891181970757,8
instance_50_d_15,15,4.335579207379808,crossed,wall_cap,11,3,4.394000000000001,0.09632673537582553,8
instance_50_d_6,15,1.3951067622600883,crossed,not_extended,8,0,2.0,0.02453911879201769,
instance_53_d_8,15,8.029243708247447,crossed,wall_cap,14,6,9.653618000000003,0.06783097504999935,8
instance_54_d_7,15,1.6832654457306893,crossed,not_extended,8,0,2.0,0.05378960024172556,
instance_55_d_5,15,1.3714711051692305,crossed,not_extended,8,0,2.0,0.018894588891998864,
instance_55_d_6,15,1.0853508334512494,crossed,not_extended,8,0,2.0,0.011235976609532372,
instance_56_d_6,15,0.9096401075505709,crossed,not_extended,8,0,2.0,0.010597500991570996,
instance_57_d_13,15,3.941850492010901,crossed,wall_cap,11,3,4.394000000000001,0.07070758479976832,8
instance_5_d_8,15,1.3802476130202623,crossed,not_extended,8,0,2.0,0.038207601208705456,
instance_60_d_11,15,3.7011971570563165,crossed,wall_cap,11,3,4.394000000000001,0.05230320362552418,8
instance_61_d_9,15,1.8619847404996097,crossed,not_extended,8,0,2.0,0.08556210594906588,
instance_63_d_13,15,1.7844413252719027,crossed,not_extended,8,0,2.0,0.05858247601572657,
instance_64_d_15,15,1.4984283342148619,crossed,not_extended,8,0,2.0,0.026608036795369116,
instance_64_d_5,15,0.871020433282631,crossed,not_extended,8,0,2.0,0.014910442950349535,
instance_65_d_5,15,1.4537319139266525,crossed,not_extended,8,0,2.0,0.03089491118807928,
instance_66_d_5,15,0.8351827859314715,crossed,not_extended,8,0,2.0,-0.0017137489638116676,
instance_66_d_6,15,1.2348893956284646,crossed,not_extended,8,0,2.0,0.013534817346589989,
instance_66_d_7,15,1.0903729096561434,crossed,not_extended,8,0,2.0,0.0057971330381406,
instance_67_d_5,15,3.4272726380005296,crossed,wall_cap,11,3,4.394000000000001,0.049061663765408936,8
instance_68_d_9,15,1.0914380907779224,crossed,not_extended,8,0,2.0,0.008779480013618012,
instance_6_d_13,15,3.247403024004132,crossed,crossed,10,2,3.3800000000000003,0.08473248648128377,8
instance_6_d_14,15,2.8314135032975334,crossed,wall_cap,10,2,3.3800000000000003,0.05568749732280172,8
instance_6_d_8,15,0.9752562304336532,crossed,not_extended,8,0,2.0,0.008183351222760394,
instance_71_d_13,15,3.8865771979550896,crossed,wall_cap,11,3,4.394000000000001,0.07384489301815653,8
instance_73_d_15,15,5.2937630358207235,crossed,wall_cap,12,4,5.712200000000002,0.08105853712920118,8
instance_74_d_5,15,1.2455196239879647,crossed,not_extended,8,0,2.0,0.009511723749892554,
instance_75_d_5,15,1.2457681566166705,crossed,not_extended,8,0,2.0,0.0073612415348179635,
instance_75_d_9,15,3.155559358199526,crossed,wall_cap,10,2,3.3800000000000003,0.07564556788080704,8
instance_76_d_14,15,12.004912397667184,crossed,wall_cap,15,7,12.549703400000006,0.08908241388606097,8
instance_76_d_6,15,0.7327020575757144,crossed,not_extended,8,0,2.0,0.005649908133636927,
instance_78_d_7,15,1.4789007048078582,crossed,not_extended,8,0,2.0,0.05182905053879949,
instance_7_d_5,15,0.7192201549456961,crossed,not_extended,8,0,2.0,0.00392932179311174,
instance_83_d_5,15,0.7955216534477332,crossed,not_extended,8,0,2.0,-0.0002716475966735743,
instance_84_d_15,15,5.517694467037112,crossed,wall_cap,12,4,5.712200000000002,0.08474469931220041,8
instance_84_d_5,15,0.8996086868546146,crossed,not_extended,8,0,2.0,0.0002081717764667701,
instance_84_d_7,15,2.7491018267196576,crossed,crossed,10,2,3.3800000000000003,0.06241109761831376,8
instance_85_d_5,15,0.7313268562092775,crossed,not_extended,8,0,2.0,0.008445801429479616,
instance_86_d_5,15,1.0277501209172382,crossed,not_extended,8,0,2.0,0.012563834743923507,
instance_88_d_6,15,0.6892362409545452,crossed,not_extended,8,0,2.0,0.003269939414167311,
instance_89_d_12,15,6.278767527905236,crossed,wall_cap,13,5,7.425860000000003,0.06463250640085402,8
instance_8_d_15,15,1.4525068944184993,crossed,not_extended,8,0,2.0,0.027199627442314522,
instance_90_d_14,15,14.218185287118168,crossed,wall_cap,16,8,16.31461442000001,0.07838281691158014,8
instance_90_d_5,15,0.7395954974414218,crossed,not_extended,8,0,2.0,-0.0017286077680182643,
instance_91_d_8,15,5.329319728820312,crossed,wall_cap,12,4,5.712200000000002,0.07437933427963882,8
instance_92_d_9,15,2.3905721678318064,crossed,crossed,9,1,2.6,0.07494268863489076,8
instance_93_d_6,15,0.656311848068204,crossed,not_extended,8,0,2.0,-0.00028361896984279155,
instance_94_d_5,15,0.902083815247652,crossed,not_extended,8,0,2.0,0.0029430992151901593,
instance_100_d_8,16,2.4394688170346073,crossed,in_progress,9,1,2.6,0.07259626780559356,
instance_101_d_10,16,1.8576147949720103,crossed,not_extended,8,0,2.0,0.07655164694588165,
instance_101_d_13,16,3.803929467296557,crossed,wall_cap,11,3,4.394000000000001,0.07629769701181763,8
instance_102_d_8,16,1.0641115106384933,crossed,not_extended,8,0,2.0,0.004200426736133522,
instance_102_d_9,16,,wall_cap,wall_cap,14,6,9.653618000000003,0.131212097271352,8
instance_103_d_13,16,3.9245536034339086,crossed,wall_cap,11,3,4.394000000000001,0.06591620226889003,8
instance_103_d_5,16,0.9763994899498406,crossed,not_extended,8,0,2.0,0.007162319212875445,
instance_103_d_8,16,1.2780238057481292,crossed,not_extended,8,0,2.0,0.01797268521368096,
instance_104_d_14,16,5.642430383330128,crossed,wall_cap,12,4,5.712200000000002,0.09592208621841453,8
instance_104_d_7,16,0.8489618190228347,crossed,not_extended,8,0,2.0,0.014760703418505727,
instance_104_d_8,16,1.1842240816027605,crossed,not_extended,8,0,2.0,0.016289089517158573,
instance_104_d_9,16,5.920615406800939,crossed,wall_cap,13,5,7.425860000000003,0.061647513986589283,8
instance_105_d_12,16,1.6759437503268875,crossed,not_extended,8,0,2.0,0.03959362077475816,
instance_105_d_14,16,1.8989510319470397,crossed,not_extended,8,0,2.0,0.0841868215095019,
instance_105_d_8,16,0.9989175641752548,crossed,not_extended,8,0,2.0,0.005166906154227035,
instance_108_d_9,16,1.9599624397719768,crossed,not_extended,8,0,2.0,0.09451691498761647,
instance_10_d_7,16,1.940619370697929,crossed,not_extended,8,0,2.0,0.09061116575358028,
instance_111_d_6,16,3.0927501476557473,crossed,wall_cap,10,2,3.3800000000000003,0.07069339449539791,8
instance_114_d_6,16,1.4214962469862042,crossed,not_extended,8,0,2.0,0.02363093843268871,
instance_114_d_8,16,0.7207551717004561,crossed,not_extended,8,0,2.0,0.003482757093661348,
instance_115_d_5,16,0.4801720505488879,crossed,not_extended,8,0,2.0,-1.708116124063963e-05,
instance_115_d_8,16,,wall_cap,wall_cap,8,0,2.0,0.7389891654341227,8
instance_116_d_15,16,,wall_cap,wall_cap,14,6,9.653618000000003,0.40451088284977715,8
instance_116_d_7,16,1.2003883638575,crossed,not_extended,8,0,2.0,0.007419802529693697,
instance_117_d_15,16,,wall_cap,wall_cap,14,6,9.653618000000003,0.2725580465994193,8
instance_117_d_6,16,1.1564369686421156,crossed,not_extended,8,0,2.0,0.010360547985692392,
instance_118_d_8,16,1.1694939451666857,crossed,not_extended,8,0,2.0,0.011822692311579886,
instance_119_d_14,16,3.170831222602687,crossed,wall_cap,10,2,3.3800000000000003,0.07961067751472625,8
instance_119_d_8,16,1.4825950402132377,crossed,not_extended,8,0,2.0,0.04863259556695994,
instance_119_d_9,16,0.9234121345399178,crossed,not_extended,8,0,2.0,0.0011044636770748185,
instance_11_d_8,16,2.5820610040561265,crossed,in_progress,9,1,2.6,0.095738148589338,
instance_120_d_15,16,1.8510217634985573,crossed,not_extended,8,0,2.0,0.07416774566336244,
instance_120_d_7,16,2.8440174145852004,crossed,wall_cap,10,2,3.3800000000000003,0.05539593109443447,8
instance_120_d_8,16,1.9892788881682077,crossed,not_extended,8,0,2.0,0.09675379013624479,
instance_121_d_5,16,1.094780386131658,crossed,not_extended,8,0,2.0,0.010481808130134596,
instance_122_d_14,16,4.1366765089674615,crossed,wall_cap,11,3,4.394000000000001,0.07034475427907588,8
instance_122_d_15,16,3.1194905104656523,crossed,wall_cap,10,2,3.3800000000000003,0.07793042444532558,8
instance_123_d_9,16,0.621284217835827,crossed,not_extended,8,0,2.0,-0.0012213692065415672,
instance_126_d_8,16,0.9626148425615917,crossed,not_extended,8,0,2.0,0.0015754649240989238,
instance_126_d_9,16,2.4712659519561724,crossed,crossed,9,1,2.6,0.07928225719489115,8
instance_127_d_9,16,2.031033063419078,crossed,crossed,9,1,2.6,0.05194424043594822,8
instance_128_d_15,16,1.1332688455977702,crossed,not_extended,8,0,2.0,0.012104307152549154,
instance_12_d_5,16,1.0729599857897218,crossed,not_extended,8,0,2.0,0.008949764641874936,
instance_12_d_7,16,1.4207371904125519,crossed,not_extended,8,0,2.0,0.03135275890854246,
instance_131_d_5,16,3.228875618020453,crossed,wall_cap,10,2,3.3800000000000003,0.08350026958701295,8
instance_131_d_9,16,1.7642190944453402,crossed,not_extended,8,0,2.0,0.0640036700573546,
instance_132_d_8,16,2.2459125180138773,crossed,crossed,9,1,2.6,0.07472465895249043,8
instance_133_d_5,16,0.9371436249262383,crossed,not_extended,8,0,2.0,0.00483438103365188,
instance_133_d_6,16,1.0663445380618022,crossed,not_extended,8,0,2.0,0.0206618141324725,
instance_135_d_15,16,3.8795546460941277,crossed,wall_cap,11,3,4.394000000000001,0.06336703675939326,8
instance_135_d_5,16,0.8729447729812922,crossed,not_extended,8,0,2.0,0.0014149546950648073,
instance_136_d_5,16,0.7587266599387156,crossed,not_extended,8,0,2.0,0.002933962005045032,
instance_136_d_8,16,1.470763288321742,crossed,not_extended,8,0,2.0,0.02622777857068286,
instance_137_d_14,16,10.067707680177126,crossed,crossed,15,7,12.549703400000006,0.05962975092271101,8
instance_137_d_7,16,4.679931975852968,crossed,wall_cap,12,4,5.712200000000002,0.048838649274158284,8
instance_137_d_8,16,0.7376059849942219,crossed,not_extended,8,0,2.0,0.0009233637894794811,
instance_138_d_5,16,0.664589475386046,crossed,not_extended,8,0,2.0,0.003424737627574359,
instance_138_d_7,16,1.3794465667334224,crossed,not_extended,8,0,2.0,0.01823755612131208,
instance_13_d_5,16,0.8393346973910777,crossed,not_extended,8,0,2.0,0.0002442967419483466,
instance_13_d_9,16,1.1005333679903686,crossed,not_extended,8,0,2.0,0.008687635885507916,
instance_140_d_7,16,1.6340906221382518,crossed,not_extended,8,0,2.0,0.04100279368722113,
instance_140_d_8,16,2.13745974659302,crossed,crossed,9,1,2.6,0.04702252886441368,8
instance_140_d_9,16,1.316370598997335,crossed,not_extended,8,0,2.0,0.024025060827261767,
instance_141_d_14,16,1.7150554811988457,crossed,not_extended,8,0,2.0,0.06030049543132918,
instance_141_d_6,16,1.1008305959566855,crossed,not_extended,8,0,2.0,0.014716315657642554,
instance_143_d_8,16,1.266149911978695,crossed,not_extended,8,0,2.0,0.025858805356983795,
instance_144_d_9,16,4.53064694600978,crossed,wall_cap,12,4,5.712200000000002,0.050583319935742777,8
instance_145_d_15,16,2.126924084590326,crossed,crossed,9,1,2.6,0.057253042036958995,8
instance_145_d_6,16,0.7466338300040055,crossed,not_extended,8,0,2.0,0.0031508301221037983,
instance_147_d_14,16,1.6075579392198727,crossed,not_extended,8,0,2.0,0.03461859558010474,
instance_148_d_7,16,2.025547565018562,crossed,in_progress,9,1,2.6,0.04687345172538599,
instance_14_d_14,16,7.115379570313482,crossed,wall_cap,13,5,7.425860000000003,0.08441498069344416,8
instance_150_d_7,16,4.212323647012502,crossed,wall_cap,11,3,4.394000000000001,0.08864656547957517,8
instance_152_d_9,16,2.4631412338209766,crossed,crossed,9,1,2.6,0.08570493172023663,8
instance_153_d_9,16,0.8043192044034352,crossed,not_extended,8,0,2.0,-0.0006181991588164237,
instance_154_d_7,16,1.2979827700980306,crossed,not_extended,8,0,2.0,0.03099571955317515,
instance_155_d_10,16,0.998248004606861,crossed,not_extended,8,0,2.0,0.01544875892195705,
instance_155_d_5,16,0.745912323367733,crossed,not_extended,8,0,2.0,2.9014287611062174e-05,
instance_155_d_6,16,1.3040698298778062,crossed,not_extended,8,0,2.0,0.010974208066545543,
instance_156_d_8,16,3.3890522943911994,crossed,wall_cap,11,3,4.394000000000001,0.04581607653683317,8
instance_157_d_5,16,1.862390575462555,crossed,not_extended,8,0,2.0,0.07508966035857156,
instance_159_d_14,16,1.7665744714448515,crossed,not_extended,8,0,2.0,0.07287911149251158,
instance_159_d_5,16,1.3094518120703946,crossed,not_extended,8,0,2.0,0.0074944640346075175,
instance_159_d_6,16,0.7877842105678391,crossed,not_extended,8,0,2.0,0.0023328224819124444,
instance_159_d_7,16,1.6162755368470116,crossed,not_extended,8,0,2.0,0.04199953382667445,
instance_15_d_5,16,1.0871400315053918,crossed,not_extended,8,0,2.0,0.0051884880476791295,
instance_15_d_7,16,2.952868441440808,crossed,wall_cap,10,2,3.3800000000000003,0.0684022651567913,8
instance_160_d_14,16,,wall_cap,wall_cap,14,6,9.653618000000003,0.2073737969823263,8
instance_160_d_5,16,1.095947300993303,crossed,not_extended,8,0,2.0,0.005528981701718294,
instance_160_d_9,16,4.046591146663325,crossed,wall_cap,11,3,4.394000000000001,0.08143453159530563,8
instance_162_d_5,16,1.413833924101156,crossed,not_extended,8,0,2.0,0.01633998128672829,
instance_162_d_6,16,0.9776693198210753,crossed,not_extended,8,0,2.0,0.005265175418389845,
instance_164_d_13,16,,wall_cap,wall_cap,14,6,9.653618000000003,0.3204032635214965,8
instance_164_d_5,16,2.131746580394623,crossed,crossed,9,1,2.6,0.05590878605790647,8
instance_164_d_6,16,5.641011540776569,crossed,wall_cap,12,4,5.712200000000002,0.09541837426836933,8
instance_168_d_6,16,0.7456987715298062,crossed,not_extended,8,0,2.0,-0.0005868806387297809,
instance_168_d_7,16,1.7302921618605462,crossed,not_extended,8,0,2.0,0.06542933283999446,
instance_168_d_8,16,1.068605844174639,crossed,not_extended,8,0,2.0,0.0071493194660433804,
instance_16_d_7,16,1.060566916159223,crossed,not_extended,8,0,2.0,0.00576682531973347,
instance_171_d_14,16,6.037341401402834,crossed,in_progress,13,5,7.425860000000003,0.06872117137562712,
instance_171_d_9,16,6.751986280353827,crossed,wall_cap,13,5,7.425860000000003,0.07399766873219563,8
instance_172_d_13,16,3.8233350181523176,crossed,wall_cap,11,3,4.394000000000001,0.07367585639481239,8
instance_173_d_7,16,1.3133666391749985,crossed,not_extended,8,0,2.0,0.01083800712822267,
instance_173_d_9,16,3.6195783632585394,crossed,wall_cap,11,3,4.394000000000001,0.05642802493387975,8
instance_174_d_15,16,4.435754667169596,crossed,wall_cap,12,4,5.712200000000002,0.04050012287265859,8
instance_174_d_6,16,0.8660095761011751,crossed,not_extended,8,0,2.0,0.001710229256968887,
instance_174_d_7,16,1.1889415765815032,crossed,not_extended,8,0,2.0,0.004822443008742993,
instance_175_d_9,16,0.9318898091639625,crossed,not_extended,8,0,2.0,0.0023237074490680245,
instance_176_d_12,16,3.874276549335025,crossed,wall_cap,11,3,4.394000000000001,0.062317795674453,8
instance_176_d_8,16,3.8397418550757045,crossed,wall_cap,11,3,4.394000000000001,0.07142771101915238,8
instance_177_d_14,16,1.6967094022293014,crossed,not_extended,8,0,2.0,0.049495672080956864,
instance_178_d_13,16,4.5509788327594,crossed,wall_cap,12,4,5.712200000000002,0.06464562744335117,8
instance_17_d_7,16,1.2342202744796644,crossed,not_extended,8,0,2.0,0.02372033660649322,
instance_17_d_9,16,2.11587007481207,crossed,crossed,9,1,2.6,0.054991174598481046,8
instance_180_d_9,16,0.9141071890576753,crossed,not_extended,8,0,2.0,0.002826306034694426,
instance_182_d_5,16,0.9399803763507895,crossed,not_extended,8,0,2.0,0.01391729217248212,
instance_183_d_13,16,1.752361793797152,crossed,not_extended,8,0,2.0,0.0653919088828843,
instance_183_d_15,16,3.1952329346926454,crossed,wall_cap,10,2,3.3800000000000003,0.08015268389746005,8
instance_183_d_9,16,1.1624387096558328,crossed,not_extended,8,0,2.0,0.012740940398725798,
instance_184_d_12,16,1.4903087832657005,crossed,not_extended,8,0,2.0,0.026951580261811613,
instance_185_d_14,16,4.092164347883764,crossed,wall_cap,11,3,4.394000000000001,0.07119255117953316,8
instance_186_d_9,16,1.2974302912548292,crossed,not_extended,8,0,2.0,0.009868249596911483,
instance_187_d_15,16,7.815351404322936,crossed,wall_cap,14,6,9.653618000000003,0.06464953425890958,8
instance_187_d_7,16,2.2897302594542426,crossed,crossed,9,1,2.6,0.06259659426147761,8
instance_187_d_9,16,0.9966168639963899,crossed,not_extended,8,0,2.0,0.011335699618939543,
instance_188_d_8,16,1.8373002284047963,crossed,not_extended,8,0,2.0,0.08121987032791367,
instance_189_d_7,16,0.6548925944328702,crossed,not_extended,8,0,2.0,0.0007351768861553864,
instance_18_d_9,16,,wall_cap,wall_cap,14,6,9.653618000000003,0.14985051275665362,8
instance_190_d_5,16,1.5674826654214526,crossed,not_extended,8,0,2.0,0.0501916868652188,
instance_190_d_6,16,2.514618718256528,crossed,crossed,9,1,2.6,0.08813289061128321,8
instance_192_d_5,16,1.6816158864721766,crossed,not_extended,8,0,2.0,0.05002604599139886,
instance_192_d_9,16,2.9006248116216504,crossed,crossed,10,2,3.3800000000000003,0.05240193840615904,8
instance_195_d_15,16,8.933562293886057,crossed,in_progress,14,6,9.653618000000003,0.08267098412501835,
instance_196_d_7,16,1.259387946532394,crossed,not_extended,8,0,2.0,0.01756231989365915,
instance_197_d_7,16,0.8621469005197228,crossed,not_extended,8,0,2.0,0.0011586309261474525,
instance_198_d_14,16,2.503794833853007,crossed,crossed,9,1,2.6,0.08179932654197494,8
instance_198_d_15,16,5.410204513243807,crossed,wall_cap,12,4,5.712200000000002,0.07588812562907471,8
instance_198_d_7,16,1.0927585995953362,crossed,not_extended,8,0,2.0,0.003945456322617247,
instance_199_d_14,16,1.8069583271962237,crossed,not_extended,8,0,2.0,0.0743008519133582,
instance_199_d_5,16,1.0710514313388626,crossed,not_extended,8,0,2.0,0.00421432165785518,
instance_19_d_5,16,1.4701072561856228,crossed,not_extended,8,0,2.0,0.024539880487282062,
instance_19_d_6,16,1.5442646403346576,crossed,not_extended,8,0,2.0,0.04504269225726602,
instance_1_d_14,16,,wall_cap,wall_cap,14,6,9.653618000000003,0.2525419610845532,8
instance_1_d_6,16,2.5467397111788936,crossed,crossed,9,1,2.6,0.09186282068956439,8
instance_20_d_14,16,2.6631086448610977,crossed,wall_cap,10,2,3.3800000000000003,0.05208910509153137,8
instance_20_d_15,16,1.3566360496491099,crossed,not_extended,8,0,2.0,0.029543384576027166,
instance_20_d_8,16,2.452034893160428,crossed,crossed,9,1,2.6,0.08101748602445591,8
instance_22_d_5,16,0.9506221801994502,crossed,not_extended,8,0,2.0,0.0044992454157181784,
instance_22_d_8,16,1.1320848360442362,crossed,not_extended,8,0,2.0,0.009384382227653986,
instance_23_d_5,16,0.6841054046407425,crossed,not_extended,8,0,2.0,-0.0005491514873938285,
instance_24_d_6,16,1.8040564584948355,crossed,not_extended,8,0,2.0,0.07828413354036456,
instance_25_d_7,16,1.724921019465064,crossed,not_extended,8,0,2.0,0.06776676801364374,
instance_26_d_15,16,2.5889108210839114,crossed,crossed,9,1,2.6,0.0974710291625287,8
instance_27_d_13,16,1.2330424079975484,crossed,not_extended,8,0,2.0,0.01262658074920182,
instance_27_d_9,16,1.9982648234339446,crossed,not_extended,8,0,2.0,0.09967312344979291,
instance_28_d_6,16,1.5485657354669253,crossed,not_extended,8,0,2.0,0.04821848874889838,
instance_29_d_13,16,8.101998661086421,crossed,wall_cap,14,6,9.653618000000003,0.06150655610394873,8
instance_29_d_14,16,2.5868950816552676,crossed,crossed,9,1,2.6,0.097475739380915,8
instance_29_d_5,16,1.4161195718677744,crossed,not_extended,8,0,2.0,0.036153639701660724,
instance_2_d_6,16,3.713189449184976,crossed,wall_cap,11,3,4.394000000000001,0.06751508075836472,8
instance_31_d_13,16,2.5129116925600368,crossed,crossed,9,1,2.6,0.07712029059176359,8
instance_31_d_9,16,4.466118989819935,crossed,wall_cap,12,4,5.712200000000002,0.0491461085085823,8
instance_32_d_6,16,1.6472351698599386,crossed,not_extended,8,0,2.0,0.042533680568521956,
instance_33_d_7,16,1.092318656377168,crossed,not_extended,8,0,2.0,0.0035813144069834378,
instance_34_d_12,16,,wall_cap,wall_cap,14,6,9.653618000000003,0.13358209208809935,8
instance_34_d_15,16,3.7705755722324406,crossed,wall_cap,11,3,4.394000000000001,0.06829444454302702,8
instance_34_d_9,16,8.067802351315573,crossed,wall_cap,14,6,9.653618000000003,0.060627930317990075,8
instance_35_d_8,16,1.513885139381486,crossed,not_extended,8,0,2.0,0.04600035199237027,
instance_36_d_13,16,9.794669238111,crossed,in_progress,15,7,12.549703400000006,0.04887925749588009,
instance_36_d_6,16,0.8496117024043417,crossed,not_extended,8,0,2.0,0.008635789628169733,
instance_36_d_9,16,1.7265463022030783,crossed,not_extended,8,0,2.0,0.06343535070845974,
instance_38_d_5,16,1.6764094562603562,crossed,not_extended,8,0,2.0,0.05350931545399362,
instance_3_d_13,16,3.4909431445816383,crossed,wall_cap,11,3,4.394000000000001,0.0514565446019082,8
instance_3_d_9,16,2.3125753713132147,crossed,crossed,9,1,2.6,0.06433264500035951,8
instance_40_d_13,16,,wall_cap,wall_cap,14,6,9.653618000000003,0.26408706029885753,8
instance_41_d_8,16,1.7410043640907256,crossed,not_extended,8,0,2.0,0.05788968327797193,
instance_42_d_7,16,4.2349131530753095,crossed,wall_cap,11,3,4.394000000000001,0.08958975754624476,8
instance_43_d_15,16,2.710405037639038,crossed,in_progress,10,2,3.3800000000000003,0.04655504814142528,
instance_43_d_5,16,0.8088258449940822,crossed,not_extended,8,0,2.0,-0.000551488446581061,
instance_45_d_12,16,1.0626324619521106,crossed,not_extended,8,0,2.0,0.009660051602986641,
instance_46_d_8,16,1.48573575125171,crossed,not_extended,8,0,2.0,0.015274160293120075,
instance_46_d_9,16,1.358509529857607,crossed,not_extended,8,0,2.0,0.035706759730237535,
instance_47_d_15,16,,wall_cap,wall_cap,14,6,9.653618000000003,0.40530268184836404,8
instance_47_d_6,16,1.6445789283651746,crossed,not_extended,8,0,2.0,0.05945531996749196,
instance_47_d_8,16,1.8917546543149615,crossed,not_extended,8,0,2.0,0.08377371703354583,
instance_48_d_14,16,2.996504668481608,crossed,crossed,10,2,3.3800000000000003,0.06339717421129647,8
instance_49_d_14,16,,wall_cap,wall_cap,14,6,9.653618000000003,0.37048808106177156,8
instance_49_d_8,16,1.8052979871549142,crossed,not_extended,8,0,2.0,0.07239755934751883,
instance_50_d_7,16,1.650466551900957,crossed,not_extended,8,0,2.0,0.05981838908846839,
instance_51_d_9,16,1.4550199947874345,crossed,not_extended,8,0,2.0,0.034460974359171816,
instance_52_d_13,16,1.944124730076601,crossed,not_extended,8,0,2.0,0.09276787950511789,
instance_52_d_14,16,,wall_cap,wall_cap,15,7,12.549703400000006,0.15759988646213824,8
instance_52_d_5,16,2.294993858988282,crossed,crossed,9,1,2.6,0.061370083850324844,8
instance_52_d_9,16,2.430359699498305,crossed,crossed,9,1,2.6,0.06980090627211019,8
instance_53_d_9,16,1.5498221570011856,crossed,not_extended,8,0,2.0,0.02807217289955588,
instance_54_d_12,16,2.4589352661336905,crossed,in_progress,9,1,2.6,0.07960028793818068,
instance_54_d_13,16,2.1825769561907022,crossed,crossed,9,1,2.6,0.04191953212400413,8
instance_54_d_9,16,1.859916360677651,crossed,not_extended,8,0,2.0,0.07457358762803779,
instance_55_d_8,16,1.5425683978043974,crossed,not_extended,8,0,2.0,0.0429676214371284,
instance_55_d_9,16,3.0168744719135114,crossed,wall_cap,10,2,3.3800000000000003,0.07085355096530224,8
instance_57_d_6,16,1.6420703942741,crossed,not_extended,8,0,2.0,0.05676300084669492,
instance_57_d_7,16,1.5836190252562483,crossed,not_extended,8,0,2.0,0.04738379740192613,
instance_58_d_5,16,1.5637242279251031,crossed,not_extended,8,0,2.0,0.030413403670718254,
instance_58_d_7,16,0.9298059026636896,crossed,not_extended,8,0,2.0,0.015103591043953202,
instance_59_d_5,16,0.9563770872198258,crossed,not_extended,8,0,2.0,0.0025055275920749407,
instance_5_d_13,16,1.2268915092947341,crossed,not_extended,8,0,2.0,0.005972302649752237,
instance_5_d_15,16,2.578770652437508,crossed,crossed,9,1,2.6,0.09562779082327806,8
instance_60_d_9,16,1.4845489729182328,crossed,not_extended,8,0,2.0,0.029155449828976998,
instance_61_d_14,16,7.793290521766854,crossed,wall_cap,14,6,9.653618000000003,0.04902287984112472,8
instance_61_d_15,16,12.04288016306549,crossed,wall_cap,15,7,12.549703400000006,0.09240207778187291,8
instance_61_d_5,16,0.9390943234706186,crossed,not_extended,8,0,2.0,0.019138146378099918,
instance_62_d_7,16,2.828962208515003,crossed,wall_cap,10,2,3.3800000000000003,0.047453563258497575,8
instance_63_d_7,16,1.8373103190954694,crossed,not_extended,8,0,2.0,0.07476118898757704,
instance_64_d_14,16,,wall_cap,wall_cap,14,6,9.653618000000003,0.505660096178685,8
instance_65_d_15,16,,wall_cap,wall_cap,14,6,9.653618000000003,0.1776796724735346,8
instance_65_d_6,16,1.7806792731889765,crossed,not_extended,8,0,2.0,0.06393448736416758,
instance_65_d_9,16,1.1761107489458915,crossed,not_extended,8,0,2.0,0.014062197629027651,
instance_67_d_7,16,5.533729071624182,crossed,wall_cap,12,4,5.712200000000002,0.08906620276176401,8
instance_67_d_8,16,1.8069028917524157,crossed,not_extended,8,0,2.0,0.06894443974815659,
instance_68_d_10,16,1.190017356438938,crossed,not_extended,8,0,2.0,0.010600608580716653,
instance_68_d_14,16,,wall_cap,wall_cap,14,6,9.653618000000003,0.32115342310263795,8
instance_6_d_9,16,1.7964158578251945,crossed,not_extended,8,0,2.0,0.06387248683349753,
instance_70_d_8,16,1.7839535966736102,crossed,not_extended,8,0,2.0,0.07440899381545023,
instance_71_d_5,16,1.0485963273858094,crossed,not_extended,8,0,2.0,0.00580720116449811,
instance_71_d_7,16,0.9691027485303247,crossed,not_extended,8,0,2.0,0.0024730114178964867,
instance_71_d_8,16,0.8551753114861302,crossed,not_extended,8,0,2.0,0.0018824642917024902,
instance_73_d_9,16,3.4863751592532357,crossed,wall_cap,11,3,4.394000000000001,0.059784763955863074,8
instance_74_d_15,16,4.388236959617889,crossed,wall_cap,11,3,4.394000000000001,0.09955042941912114,8
instance_76_d_15,16,4.866869526122171,crossed,wall_cap,12,4,5.712200000000002,0.06517341268534517,8
instance_77_d_11,16,1.4212266018603943,crossed,not_extended,8,0,2.0,0.02349663425138715,
instance_77_d_14,16,2.20152331350117,crossed,crossed,9,1,2.6,0.032347242463550405,8
instance_77_d_6,16,1.8874547249404188,crossed,not_extended,8,0,2.0,0.08007989941161213,
instance_78_d_12,16,1.613745619771743,crossed,not_extended,8,0,2.0,0.0578858218377718,
instance_78_d_14,16,2.1068692222665466,crossed,crossed,9,1,2.6,0.03194368287807352,8
instance_79_d_14,16,2.0103686855978338,crossed,crossed,9,1,2.6,0.03531179172195194,8
instance_79_d_15,16,,wall_cap,wall_cap,14,6,9.653618000000003,0.1412948243602249,8
instance_79_d_8,16,3.3619393450723014,crossed,wall_cap,10,2,3.3800000000000003,0.09808135131523657,8
instance_80_d_5,16,1.9572518425684193,crossed,not_extended,8,0,2.0,0.09372070218323643,
instance_81_d_6,16,0.9109744683619432,crossed,not_extended,8,0,2.0,0.0035440445053609437,
instance_83_d_13,16,5.066833659076348,crossed,wall_cap,12,4,5.712200000000002,0.07137549355469382,8
instance_83_d_9,16,2.719150384846536,crossed,wall_cap,10,2,3.3800000000000003,0.03730675445327523,8
instance_84_d_6,16,1.3829263121093462,crossed,not_extended,8,0,2.0,0.02656747063738294,
instance_84_d_9,16,2.5766873523491456,crossed,crossed,9,1,2.6,0.09723527287472301,8
instance_86_d_7,16,1.5947007051265967,crossed,not_extended,8,0,2.0,0.04189842897394556,
instance_88_d_15,16,3.5704403228587367,crossed,wall_cap,11,3,4.394000000000001,0.05494067107728591,8
instance_88_d_9,16,1.49490695165328,crossed,not_extended,8,0,2.0,0.032430505663432994,
instance_89_d_7,16,0.6762126318971527,crossed,not_extended,8,0,2.0,0.0011045513158023823,
instance_89_d_8,16,2.008666331815913,crossed,crossed,9,1,2.6,0.04078544324037478,8
instance_89_d_9,16,1.2018635707953895,crossed,not_extended,8,0,2.0,0.016612201486714183,
instance_90_d_6,16,3.378390856194439,crossed,wall_cap,10,2,3.3800000000000003,0.09984915891825408,8
instance_92_d_11,16,4.267976740050044,crossed,wall_cap,11,3,4.394000000000001,0.09230409554285401,8
instance_92_d_5,16,1.2069773891321396,crossed,not_extended,8,0,2.0,0.019847394183670986,
instance_92_d_6,16,1.0301202887897003,crossed,not_extended,8,0,2.0,0.005850108567392454,
instance_92_d_8,16,1.6161991677557905,crossed,not_extended,8,0,2.0,0.03835703613840451,
instance_93_d_9,16,1.0623334773213784,crossed,not_extended,8,0,2.0,0.00694094042701181,
instance_94_d_8,16,1.5062103649175709,crossed,not_extended,8,0,2.0,0.040118371823700726,
instance_95_d_6,16,0.7052760286510353,crossed,not_extended,8,0,2.0,0.0012741623791953315,
instance_96_d_13,16,1.867397568932297,crossed,not_extended,8,0,2.0,0.08050528825588117,
instance_98_d_6,16,0.9691203688535217,crossed,not_extended,8,0,2.0,0.010867174922896083,
instance_99_d_5,16,1.8248788830800027,crossed,not_extended,8,0,2.0,0.07478176876466022,
instance_99_d_7,16,1.7334106438171635,crossed,not_extended,8,0,2.0,0.05884758270221937,
instance_9_d_7,16,3.7222237271823664,crossed,wall_cap,11,3,4.394000000000001,0.05941237968377504,8
instance_9_d_8,16,1.6903787285294747,crossed,not_extended,8,0,2.0,0.042466290511219994,
instance_0_d_13,17,0.9595010801860283,crossed,not_extended,8,0,2.0,0.005041255921241827,
instance_0_d_5,17,0.47388592666067064,crossed,not_extended,8,0,2.0,-0.0007499144473513298,
instance_105_d_10,17,2.581282615134203,crossed,crossed,9,1,2.6,0.09721803110288041,8
instance_111_d_10,17,2.1362161373534088,crossed,crossed,9,1,2.6,0.042341960719555684,8
instance_114_d_11,17,3.555814743880909,crossed,in_progress,11,3,4.394000000000001,0.04891015395137157,
instance_134_d_11,17,0.9024278508244906,crossed,not_extended,8,0,2.0,0.008153103475342505,
instance_148_d_11,17,2.616946641174429,crossed,crossed,10,2,3.3800000000000003,0.042024924275911195,8
instance_14_d_11,17,4.349655040525597,crossed,in_progress,11,3,4.394000000000001,0.09645249771721408,
instance_14_d_12,17,1.340742214383589,crossed,not_extended,8,0,2.0,0.011908270456842729,
instance_151_d_5,17,0.6201561874565575,crossed,not_extended,8,0,2.0,8.696735094417817e-05,
instance_161_d_5,17,0.6513212138205229,crossed,not_extended,8,0,2.0,0.004032071670008008,
instance_165_d_10,17,0.9397677949426905,crossed,not_extended,8,0,2.0,0.0030116785332211294,
instance_166_d_5,17,0.8827623710375584,crossed,not_extended,8,0,2.0,0.003937738025615545,
instance_184_d_11,17,3.610316106935553,crossed,crossed,11,3,4.394000000000001,0.050412805495088156,8
instance_192_d_11,17,2.875336046955624,crossed,crossed,10,2,3.3800000000000003,0.05157404916693975,8
instance_197_d_5,17,0.6282111341513541,crossed,not_extended,8,0,2.0,0.0005448954094390501,
instance_28_d_10,17,,wall_cap,wall_cap,13,5,7.425860000000003,0.432134223742917,8
instance_38_d_11,17,3.537099585072784,crossed,crossed,11,3,4.394000000000001,0.05845129254132085,8
instance_38_d_12,17,1.4938445859994636,crossed,not_extended,8,0,2.0,0.0366311035140825,
instance_3_d_10,17,0.990643906572126,crossed,not_extended,8,0,2.0,0.005216314620884077,
instance_51_d_10,17,1.1651211786450903,crossed,not_extended,8,0,2.0,0.016746095191592758,
instance_52_d_12,17,1.5197776976035744,crossed,not_extended,8,0,2.0,0.0428085467998244,
instance_58_d_10,17,1.4546316773741446,crossed,not_extended,8,0,2.0,0.01974692843596131,
instance_59_d_11,17,1.3291270836572,crossed,not_extended,8,0,2.0,0.010408465172440628,
instance_59_d_12,17,2.136260410974586,crossed,crossed,9,1,2.6,0.0453650710051146,8
instance_69_d_12,17,0.7447173639077389,crossed,not_extended,8,0,2.0,-0.0007299353150301613,
instance_71_d_11,17,7.13098847683696,crossed,in_progress,13,5,7.425860000000003,0.08690923219264983,
instance_72_d_12,17,1.8806189822643775,crossed,not_extended,8,0,2.0,0.07060305340364721,
instance_73_d_10,17,0.8537691577831411,crossed,not_extended,8,0,2.0,0.003342544955194171,
instance_83_d_11,17,2.048134089682423,crossed,crossed,9,1,2.6,0.05597468739269487,8
instance_94_d_12,17,1.62138624302654,crossed,not_extended,8,0,2.0,0.036983186941142776,
instance_97_d_10,17,4.505757391668687,crossed,crossed,12,4,5.712200000000002,0.04862670005593045,8
instance_0_d_11,18,2.8550711081165185,crossed,crossed,10,2,3.3800000000000003,0.058215458148657064,8
instance_106_d_11,18,2.678779302886642,crossed,crossed,10,2,3.3800000000000003,0.041433797480356964,8
instance_110_d_5,18,1.9230441866204275,crossed,not_extended,8,0,2.0,0.08713127268943026,
instance_117_d_11,18,6.299426733293931,crossed,crossed,13,5,7.425860000000003,0.0670746018263178,8
instance_118_d_11,18,2.0460704830501255,crossed,crossed,9,1,2.6,0.046816476105972935,8
instance_119_d_10,18,0.8747169717237877,crossed,not_extended,8,0,2.0,0.00504343980928752,
instance_119_d_11,18,15.032565501795025,crossed,in_progress,16,8,16.31461442000001,0.08368131627009764,
instance_120_d_12,18,1.7221056361089997,crossed,not_extended,8,0,2.0,0.060654119702121534,
instance_126_d_12,18,3.2738556926329663,crossed,crossed,10,2,3.3800000000000003,0.08996031175470881,8
instance_12_d_10,18,1.2578306416188003,crossed,not_extended,8,0,2.0,0.016719568373218863,
instance_12_d_12,18,3.912767320743317,crossed,crossed,11,3,4.394000000000001,0.06779238138071969,8
instance_132_d_10,18,0.7210943646093946,crossed,not_extended,8,0,2.0,0.0026973476807143014,
instance_137_d_10,18,0.9778186579834569,crossed,not_extended,8,0,2.0,0.002301268681230795,
instance_13_d_12,18,1.708991258393883,crossed,not_extended,8,0,2.0,0.05794500873348625,
instance_147_d_12,18,1.5293534676639693,crossed,not_extended,8,0,2.0,0.030277601420266365,
instance_150_d_5,18,4.26685219619357,crossed,crossed,11,3,4.394000000000001,0.08620750369420488,8
instance_158_d_11,18,4.205490767793525,crossed,in_progress,11,3,4.394000000000001,0.08642173704416536,
instance_15_d_12,18,3.729367825446316,crossed,wall_cap,11,3,4.394000000000001,0.05656226207250075,8
instance_175_d_10,18,2.8274994788914496,crossed,crossed,10,2,3.3800000000000003,0.0451563255758525,8
instance_177_d_12,18,3.799639763314569,crossed,crossed,11,3,4.394000000000001,0.05737442103021071,8
instance_182_d_12,18,1.57866291301749,crossed,not_extended,8,0,2.0,0.03353554893733417,
instance_186_d_5,18,1.4678808070222837,crossed,not_extended,8,0,2.0,0.024431500561695428,
instance_186_d_6,18,0.9601310540038276,crossed,not_extended,8,0,2.0,0.022532888176829146,
instance_189_d_10,18,2.464287763891776,crossed,crossed,9,1,2.6,0.08044953771144119,8
instance_189_d_11,18,3.22929852101715,crossed,crossed,10,2,3.3800000000000003,0.07979761552788034,8
instance_18_d_12,18,4.571768973233998,crossed,crossed,12,4,5.712200000000002,0.05207972702324213,8
instance_190_d_11,18,2.0819652081889917,crossed,crossed,9,1,2.6,0.06523992746003002,8
instance_191_d_6,18,1.5373568414886047,crossed,not_extended,8,0,2.0,0.04294544300837515,
instance_192_d_13,18,3.6314015906699852,crossed,crossed,11,3,4.394000000000001,0.04815477490272603,8
instance_194_d_11,18,1.486569562270081,crossed,not_extended,8,0,2.0,0.027548162629591387,
instance_194_d_12,18,2.0529114258704917,crossed,crossed,9,1,2.6,0.03389227005873968,8
instance_196_d_11,18,1.2366735241255902,crossed,not_extended,8,0,2.0,0.01475339242319933,
instance_1_d_12,18,1.9366197074722498,crossed,not_extended,8,0,2.0,0.08694949563100636,
instance_26_d_12,18,5.7485840662963,crossed,wall_cap,13,5,7.425860000000003,0.051432810976526244,8
instance_27_d_12,18,4.332965946742891,crossed,wall_cap,11,3,4.394000000000001,0.09373026567049457,8
instance_29_d_11,18,1.181451956931853,crossed,not_extended,8,0,2.0,0.016178764775895617,
instance_2_d_10,18,1.0915535190026069,crossed,not_extended,8,0,2.0,0.02251314548020673,
instance_2_d_11,18,5.493575765635973,crossed,crossed,12,4,5.712200000000002,0.08835700378308281,8
instance_42_d_11,18,2.995938182023834,crossed,crossed,10,2,3.3800000000000003,0.06340560187768704,8
instance_43_d_11,18,5.590482831011052,crossed,crossed,12,4,5.712200000000002,0.09311314382074809,8
instance_53_d_10,18,4.757653447234589,crossed,crossed,12,4,5.712200000000002,0.057450033182397546,8
instance_53_d_11,18,2.213226238476557,crossed,crossed,9,1,2.6,0.04724881546187325,8
instance_56_d_10,18,2.1426513044403377,crossed,crossed,9,1,2.6,0.06736170328438436,8
instance_64_d_10,18,1.1178449086757734,crossed,not_extended,8,0,2.0,0.020261504139807585,
instance_70_d_12,18,2.4689656759442604,crossed,crossed,9,1,2.6,0.08480638086542344,8
instance_74_d_11,18,1.9271250232118862,crossed,not_extended,8,0,2.0,0.0867459827994935,
instance_87_d_10,18,1.3323452215303704,crossed,not_extended,8,0,2.0,0.014227179727367912,
instance_88_d_11,18,1.2987166242648038,crossed,not_extended,8,0,2.0,0.013169678237591142,
instance_90_d_10,18,14.078606541111707,crossed,wall_cap,16,8,16.31461442000001,0.06506756330773346,8
instance_93_d_12,18,1.2079920007620888,crossed,not_extended,8,0,2.0,0.008467360480699427,
instance_94_d_10,18,0.966772280766762,crossed,not_extended,8,0,2.0,0.001224163753522589,
instance_98_d_12,18,8.920348374509235,crossed,crossed,14,6,9.653618000000003,0.0856400380196482,8
instance_101_d_11,19,1.9492171956955382,crossed,not_extended,8,0,2.0,0.08209364113622541,
instance_102_d_12,19,4.376097784763024,crossed,crossed,11,3,4.394000000000001,0.09882670220459056,8
instance_106_d_10,19,2.541189022687061,crossed,crossed,9,1,2.6,0.09381231367687054,8
instance_108_d_11,19,3.804383963889985,crossed,crossed,11,3,4.394000000000001,0.06302991399185251,8
instance_109_d_11,19,2.418654439156877,crossed,crossed,9,1,2.6,0.06113080945193289,8
instance_10_d_11,19,2.020621494439076,crossed,crossed,9,1,2.6,0.03944650860716446,8
instance_118_d_10,19,1.21285508601239,crossed,not_extended,8,0,2.0,0.009086086558522766,
instance_119_d_12,19,0.9888983087384988,crossed,not_extended,8,0,2.0,0.00392895598870382,
instance_11_d_11,19,1.852289151581846,crossed,not_extended,8,0,2.0,0.07033173506995354,
instance_120_d_10,19,1.2861383078977553,crossed,not_extended,8,0,2.0,0.014921196824457184,
instance_121_d_10,19,2.547082444991243,crossed,crossed,9,1,2.6,0.09283738451817122,8
instance_121_d_11,19,,wall_cap,wall_cap,15,7,12.549703400000006,0.14603999071455248,8
instance_122_d_12,19,4.733035059479332,crossed,crossed,12,4,5.712200000000002,0.05027977791087343,8
instance_123_d_11,19,2.875226684972468,crossed,crossed,10,2,3.3800000000000003,0.06010562810999098,8
instance_127_d_11,19,3.1496053968282824,crossed,crossed,10,2,3.3800000000000003,0.07175231015934634,8
instance_127_d_12,19,4.458771442737275,crossed,crossed,12,4,5.712200000000002,0.053578088720937,8
instance_128_d_10,19,0.9221144383648275,crossed,not_extended,8,0,2.0,0.001076471637452414,
instance_128_d_12,19,1.5511265646010124,crossed,not_extended,8,0,2.0,0.015751344644627352,
instance_133_d_12,19,3.6164338376282843,crossed,crossed,11,3,4.394000000000001,0.05630683785354917,8
instance_135_d_11,19,2.918820546330678,crossed,crossed,10,2,3.3800000000000003,0.06829262531001276,8
instance_149_d_12,19,3.8909081991749543,crossed,crossed,11,3,4.394000000000001,0.06573869001058975,8
instance_156_d_13,19,3.0375142721263724,crossed,crossed,10,2,3.3800000000000003,0.049097202959035635,8
instance_160_d_11,19,3.3086967503531426,crossed,crossed,10,2,3.3800000000000003,0.09413434464684999,8
instance_167_d_10,19,0.9485971772027781,crossed,not_extended,8,0,2.0,0.0019511751862410164,
instance_167_d_12,19,2.4227614287396104,crossed,crossed,9,1,2.6,0.06534952020852187,8
instance_168_d_11,19,3.3713993000057694,crossed,crossed,10,2,3.3800000000000003,0.09889606363198114,8
instance_171_d_11,19,0.9795961049788291,crossed,not_extended,8,0,2.0,0.005529077053847686,
instance_173_d_11,19,1.6343869898293981,crossed,not_extended,8,0,2.0,0.04915907870549745,
instance_174_d_12,19,2.652874000985873,crossed,crossed,10,2,3.3800000000000003,0.04697225431954929,8
instance_180_d_12,19,2.5933881864993156,crossed,crossed,9,1,2.6,0.09902199595698458,8
instance_184_d_10,19,1.0487422543691225,crossed,not_extended,8,0,2.0,0.005576938493140915,
instance_188_d_10,19,1.6080041584378446,crossed,not_extended,8,0,2.0,0.04199937994512766,
instance_191_d_5,19,2.486976918580393,crossed,crossed,9,1,2.6,0.08094635423065934,8
instance_195_d_11,19,2.763937457284438,crossed,crossed,10,2,3.3800000000000003,0.04459653606803832,8
instance_195_d_13,19,1.4806158517206398,crossed,not_extended,8,0,2.0,0.03046597012944403,
instance_19_d_11,19,1.5761598076592125,crossed,not_extended,8,0,2.0,0.041121932917599226,
instance_21_d_11,19,1.7599630854667314,crossed,not_extended,8,0,2.0,0.06812287599364027,
instance_24_d_12,19,1.2801275175780968,crossed,not_extended,8,0,2.0,0.00940731632160805,
instance_25_d_12,19,1.2857219925832881,crossed,not_extended,8,0,2.0,0.01274295653693116,
instance_35_d_12,19,6.075230495117709,crossed,crossed,13,5,7.425860000000003,0.05008259774073155,8
instance_47_d_12,19,0.9411346866030323,crossed,not_extended,8,0,2.0,0.0013640175885029748,
instance_48_d_11,19,0.9397317920730185,crossed,not_extended,8,0,2.0,0.004035784336724646,
instance_4_d_12,19,4.402304342759343,crossed,crossed,12,4,5.712200000000002,0.04905251853194573,8
instance_54_d_10,19,1.4101973270539423,crossed,not_extended,8,0,2.0,0.033637127995802985,
instance_5_d_12,19,3.961219223428557,crossed,crossed,11,3,4.394000000000001,0.07109435663487719,8
instance_60_d_10,19,0.8328922112590046,crossed,not_extended,8,0,2.0,0.0007088856132895672,
instance_61_d_12,19,10.639044830662609,crossed,wall_cap,15,7,12.549703400000006,0.0697766540078527,8
instance_64_d_11,19,2.3086105448186336,crossed,crossed,9,1,2.6,0.04387501906230844,8
instance_66_d_10,19,1.4475715470395314,crossed,not_extended,8,0,2.0,0.02982084766454136,
instance_67_d_12,19,1.7382157851828481,crossed,not_extended,8,0,2.0,0.06775703243995394,
instance_69_d_10,19,2.168991821506335,crossed,crossed,9,1,2.6,0.032267313249383194,8
instance_6_d_11,19,1.863583912426568,crossed,not_extended,8,0,2.0,0.07016638397858514,
instance_71_d_12,19,12.9457788097017,crossed,wall_cap,16,8,16.31461442000001,0.05241871547440012,8
instance_72_d_10,19,2.0149178319258363,crossed,crossed,9,1,2.6,0.04035434072911132,8
instance_75_d_10,19,2.3585866333378918,crossed,crossed,9,1,2.6,0.06856306455709055,8
instance_75_d_11,19,3.8176754826529185,crossed,crossed,11,3,4.394000000000001,0.06746836132102735,8
instance_83_d_10,19,1.9025717068399584,crossed,not_extended,8,0,2.0,0.09172817748440139,
instance_83_d_12,19,2.5254855406995977,crossed,crossed,9,1,2.6,0.08614194153806379,8
instance_84_d_12,19,2.9174528909544835,crossed,crossed,10,2,3.3800000000000003,0.05915891925856126,8
instance_86_d_6,19,0.8943068441156938,crossed,not_extended,8,0,2.0,0.0005980403569765258,
instance_88_d_10,19,3.934842253076617,crossed,crossed,11,3,4.394000000000001,0.06228681771707836,8
instance_89_d_11,19,3.7591911341541073,crossed,crossed,11,3,4.394000000000001,0.058923754604647646,8
instance_91_d_6,19,1.561590814482868,crossed,not_extended,8,0,2.0,0.04201058231396928,
instance_91_d_7,19,3.2697799492780746,crossed,crossed,10,2,3.3800000000000003,0.08672374163141425,8
instance_96_d_10,19,1.4847898863728206,crossed,not_extended,8,0,2.0,0.017722587788307466,
instance_0_d_10,20,3.3534248898839785,crossed,crossed,10,2,3.3800000000000003,0.09706744714430171,8
instance_100_d_10,20,3.204838775387321,crossed,crossed,10,2,3.3800000000000003,0.08187890279761528,8
instance_102_d_10,20,1.8404985112183354,crossed,not_extended,8,0,2.0,0.08123795057828147,
instance_103_d_10,20,2.530388237593495,crossed,crossed,9,1,2.6,0.08454798528766677,8
instance_103_d_11,20,1.849955460577971,crossed,not_extended,8,0,2.0,0.07990342653763491,
instance_105_d_11,20,1.412148317727747,crossed,not_extended,8,0,2.0,0.023783167826024965,
instance_109_d_10,20,0.8668409100642217,crossed,not_extended,8,0,2.0,0.003924207365184884,
instance_122_d_11,20,2.9830530210963944,crossed,crossed,10,2,3.3800000000000003,0.051434423104082735,8
instance_123_d_10,20,2.390263332382232,crossed,crossed,9,1,2.6,0.05525635184584486,8
instance_124_d_10,20,1.3978966135746969,crossed,not_extended,8,0,2.0,0.011431989504353623,
instance_134_d_10,20,1.2243605353197775,crossed,not_extended,8,0,2.0,0.006704054224258016,
instance_136_d_10,20,2.1381859817260076,crossed,crossed,9,1,2.6,0.049278275664272286,8
instance_136_d_11,20,2.197128034273157,crossed,crossed,9,1,2.6,0.056413546945895746,8
instance_138_d_10,20,3.126464132814182,crossed,crossed,10,2,3.3800000000000003,0.06989702054791117,8
instance_139_d_11,20,1.748046875889596,crossed,not_extended,8,0,2.0,0.056515707354253666,
instance_143_d_11,20,4.438581660543302,crossed,crossed,12,4,5.712200000000002,0.05059118129052352,8
instance_144_d_11,20,0.8994892425344282,crossed,not_extended,8,0,2.0,0.004192845022248548,
instance_146_d_11,20,2.8215517426803824,crossed,crossed,10,2,3.3800000000000003,0.04154890204709566,8
instance_149_d_10,20,3.2690077002173403,crossed,crossed,10,2,3.3800000000000003,0.0855713059253191,8
instance_152_d_12,20,1.229371364110599,crossed,not_extended,8,0,2.0,0.005291438548351834,
instance_154_d_12,20,1.2893800235257271,crossed,not_extended,8,0,2.0,0.011381246292967263,
instance_155_d_11,20,1.7838957627380883,crossed,not_extended,8,0,2.0,0.06337172575002796,
instance_155_d_12,20,1.672294950595162,crossed,not_extended,8,0,2.0,0.06526918237326526,
instance_157_d_10,20,2.2006797702879557,crossed,crossed,9,1,2.6,0.06602539997696165,8
instance_163_d_5,20,2.2138395092578014,crossed,crossed,9,1,2.6,0.05474343936247392,8
instance_163_d_6,20,2.6718831351491503,crossed,crossed,10,2,3.3800000000000003,0.03538910753783623,8
instance_164_d_11,20,,wall_cap,wall_cap,14,6,9.653618000000003,0.15851648840869365,8
instance_164_d_12,20,,wall_cap,wall_cap,13,5,7.425860000000003,0.12538777983339278,8
instance_166_d_7,20,1.3743009113282068,crossed,not_extended,8,0,2.0,0.020448803686008432,
instance_169_d_12,20,0.9244442698081218,crossed,not_extended,8,0,2.0,0.0014285639716831611,
instance_172_d_10,20,2.917599646922683,crossed,crossed,10,2,3.3800000000000003,0.06430413561301299,8
instance_173_d_10,20,2.268933399566936,crossed,crossed,9,1,2.6,0.06133076979361634,8
instance_178_d_10,20,1.9675372175834016,crossed,not_extended,8,0,2.0,0.09479713001787786,
instance_17_d_11,20,1.1786310124894923,crossed,not_extended,8,0,2.0,0.0102979125795855,
instance_183_d_10,20,1.3851911320730679,crossed,not_extended,8,0,2.0,0.030590322017405924,
instance_185_d_10,20,0.8300241425147122,crossed,not_extended,8,0,2.0,3.823037968686549e-05,
instance_187_d_11,20,1.3948147683208076,crossed,not_extended,8,0,2.0,0.02143557456400913,
instance_192_d_10,20,1.70607723420038,crossed,not_extended,8,0,2.0,0.055362505838036216,
instance_195_d_12,20,3.0015481806293325,crossed,crossed,10,2,3.3800000000000003,0.06308251077920507,8
instance_23_d_6,20,0.7715169397820179,crossed,not_extended,8,0,2.0,0.0010119271749999825,
instance_2_d_12,20,2.310312461986637,crossed,crossed,9,1,2.6,0.0441079709606052,8
instance_30_d_10,20,3.1916669279032726,crossed,crossed,10,2,3.3800000000000003,0.0727045341913568,8
instance_32_d_11,20,5.2367488177278805,crossed,crossed,12,4,5.712200000000002,0.0756452190469494,8
instance_33_d_11,20,3.759883458066597,crossed,crossed,11,3,4.394000000000001,0.06133465946689963,8
instance_34_d_11,20,1.0987009049619783,crossed,not_extended,8,0,2.0,0.009706684942193533,
instance_41_d_11,20,3.178624912696762,crossed,crossed,10,2,3.3800000000000003,0.084571852425596,8
instance_55_d_10,20,1.9268746618911554,crossed,not_extended,8,0,2.0,0.09029489041936359,
instance_68_d_11,20,7.0595367374454705,crossed,wall_cap,13,5,7.425860000000003,0.08969454305099672,8
instance_70_d_10,20,1.9453734774738354,crossed,not_extended,8,0,2.0,0.0909500946621165,
instance_77_d_10,20,0.9583882063484078,crossed,not_extended,8,0,2.0,0.002730484636674646,
instance_80_d_11,20,3.360548709369419,crossed,crossed,10,2,3.3800000000000003,0.0981987354279717,8
instance_81_d_10,20,1.8512054387794847,crossed,not_extended,8,0,2.0,0.07386021401442804,
instance_84_d_11,20,1.0831372618712154,crossed,not_extended,8,0,2.0,0.0031305410490858774,
instance_85_d_10,20,,wall_cap,wall_cap,13,5,7.425860000000003,0.20348111347076386,8
instance_89_d_10,20,1.3802404077736932,crossed,not_extended,8,0,2.0,0.021574590032844298,
instance_90_d_11,20,1.8816435270742058,crossed,not_extended,8,0,2.0,0.07833453365876722,
instance_91_d_5,20,1.3830300268554094,crossed,not_extended,8,0,2.0,0.01980387676369446,
instance_93_d_11,20,2.482729118889086,crossed,crossed,9,1,2.6,0.08083255790784005,8
instance_99_d_11,20,1.0637567867791269,crossed,not_extended,8,0,2.0,0.003093154660405162,
instance_24_d_10,21,,not_extended,not_extended,8,0,2.0,0.2916707031815008,
instance_31_d_10,21,1.3032217248651685,crossed,not_extended,8,0,2.0,0.01702824053248264,
instance_40_d_10,21,,not_extended,not_extended,8,0,2.0,0.48494624918866974,
instance_43_d_10,21,,not_extended,not_extended,8,0,2.0,0.3197773161605369,
instance_44_d_10,21,,not_extended,not_extended,8,0,2.0,0.1478679858749274,
instance_47_d_10,21,0.9067337901677714,crossed,not_extended,8,0,2.0,0.0016645988646473598,
instance_6_d_10,21,,not_extended,not_extended,8,0,2.0,0.3722456119272152,
instance_8_d_10,21,1.3431125990100705,crossed,not_extended,8,0,2.0,0.009225554968594452,
instance_19_d_10,22,1.9126588744256376,crossed,not_extended,8,0,2.0,0.08717085113103167,
instance_21_d_10,22,,not_extended,not_extended,8,0,2.0,0.19446794468172185,
instance_32_d_10,22,1.2276014641268358,crossed,not_extended,8,0,2.0,0.027421016517627093,
instance_35_d_10,22,1.0482015812553205,crossed,not_extended,8,0,2.0,0.003958186177166567,
instance_38_d_10,22,1.2279887219717969,crossed,not_extended,8,0,2.0,0.014457392076769793,
instance_42_d_10,22,1.3653475472902197,crossed,not_extended,8,0,2.0,0.015684975842029304,
instance_45_d_10,22,,not_extended,not_extended,8,0,2.0,0.17813020437044996,
instance_10_d_10,23,0.8520429183602755,crossed,not_extended,8,0,2.0,0.001935210021579792,
instance_16_d_10,23,1.364483841151633,crossed,not_extended,8,0,2.0,0.01904005292578148,
instance_26_d_10,23,1.6933256781227666,crossed,not_extended,8,0,2.0,0.03748005265230745,
instance_33_d_10,23,1.3551565618973942,crossed,not_extended,8,0,2.0,0.010124371025159461,
instance_39_d_10,23,,not_extended,not_extended,8,0,2.0,0.11694933261650249,
instance_46_d_10,23,1.9521786888871764,crossed,not_extended,8,0,2.0,0.08987440955975501,
instance_49_d_10,23,1.4874362807287338,crossed,not_extended,8,0,2.0,0.03292770880588307,
instance_5_d_10,23,,not_extended,not_extended,8,0,2.0,0.22754736636728765,
instance_11_d_10,24,1.7393052881487454,crossed,not_extended,8,0,2.0,0.05893436501100311,
instance_9_d_10,24,1.3256147689733777,crossed,not_extended,8,0,2.0,0.018270011636822403,
instance_14_d_10,25,1.9493430723769951,crossed,not_extended,8,0,2.0,0.08727445778293194,
